Modelo,R²,MAE,RMSE,MSE,RMSLE
LGBMRegressor(random_state=42),0.9702137670973616,8558.506556293218,12617.778657913055,159208338.26008618,0.06540292069093374
